,city,country,humidity %,latitude,current temp F,max temperature F,wind speed mph,cloudiness %
0,Port Alfred,ZA,81,-33.5906,65.97,65.97,20.04,99
1,Qaanaaq,GL,76,77.484,3.79,3.79,1.32,100
2,Bredasdorp,ZA,77,-34.5322,62.6,62.6,14.97,100
3,São João da Barra,BR,57,-21.6403,82.4,82.4,11.5,40
4,Karla,EE,52,59.3723,39.7,41.0,21.85,40
5,Litovko,RU,58,49.2361,26.42,26.42,14.67,74
6,Muravlenko,RU,98,63.7898,31.86,31.86,10.8,100
7,Hobart,AU,88,-42.8794,56.03,57.2,6.91,90
8,Bengkulu,ID,87,-3.8004,75.42,75.42,4.38,99
9,Punta Arenas,CL,81,-53.15,48.09,48.2,9.22,90
10,Lebu,CL,89,-37.6167,57.52,57.52,9.6,100
11,Cayenne,GF,74,4.9333,83.5,84.2,14.97,90
12,Brigham City,US,93,41.5102,33.01,33.8,10.36,90
13,Yellowknife,CA,86,62.456,17.76,18.0,13.8,90
14,Longyearbyen,SJ,48,78.2186,10.4,10.4,13.8,20
15,Rikitea,PF,73,-23.1203,77.05,77.05,11.61,78
16,Sheridan,US,86,44.8333,33.22,34.0,6.91,90
17,Minot,US,36,48.2325,47.44,50.0,3.44,1
18,Jining,CN,49,35.405,54.57,54.57,1.83,100
19,Narok,KE,93,-1.0783,59.68,59.68,5.7,83
20,Saint-Philippe,RE,69,-21.3585,79.14,80.6,4.61,75
21,Codrington,AU,94,-38.2667,50.97,50.97,4.99,10
22,Narsaq,GL,87,60.9167,35.6,35.6,4.61,75
23,Pevek,RU,99,69.7008,-22.94,-22.94,6.55,100
24,Saskylakh,RU,94,71.9167,8.33,8.33,10.69,100
25,Haines Junction,CA,67,60.7522,12.2,12.2,8.05,100
26,Tazovsky,RU,89,67.4667,31.14,31.14,14.54,98
27,Bound Brook,US,17,40.5684,64.17,64.99,9.22,1
28,Makakilo City,US,64,21.3469,68.7,71.6,6.91,1
29,Mackay,AU,94,-21.15,73.53,75.2,3.44,90
30,Kununurra,AU,94,-15.7667,75.2,75.2,5.75,7
31,Busselton,AU,95,-33.65,60.39,61.0,5.26,78
32,Misratah,LY,70,32.3754,62.62,62.62,15.03,0
33,Dikson,RU,99,73.5069,-5.33,-5.33,5.48,50
34,Guánica,PR,53,17.9716,82.51,84.0,5.99,99
35,Paamiut,GL,97,61.994,33.1,33.1,6.04,100
36,Zhigalovo,RU,97,54.8097,25.95,25.95,1.9,50
37,Atuona,PF,79,-9.8,80.55,80.55,11.5,49
38,New Norfolk,AU,77,-42.7826,54.09,55.99,2.55,31
39,Bluff,NZ,89,-46.6,54.0,54.0,8.01,100
40,Kerema,PG,88,-7.9631,77.18,77.18,7.14,99
41,Avarua,CK,78,-21.2078,78.8,78.8,16.11,90
42,Singkang,MY,89,2.1006,78.4,78.8,2.3,20
43,George,ZA,94,-33.963,60.8,60.8,8.05,40
44,Mataura,NZ,89,-46.1927,54.0,54.0,8.01,98
45,Riyadh,SA,9,24.6877,82.87,84.2,5.75,0
46,Manzhouli,CN,34,49.6,28.87,28.87,7.25,4
47,Hilo,US,83,19.7297,63.54,68.0,5.75,90
48,Nikolskoye,RU,64,59.7035,35.85,37.0,8.95,40
49,Naryan-Mar,RU,86,67.6713,35.06,35.06,16.35,99
50,Hermanus,ZA,79,-34.4187,66.0,66.0,1.99,99
51,Kapaa,US,73,22.0752,67.39,71.6,23.02,90
52,Fort Frances,CA,53,48.5999,46.11,50.0,8.05,1
53,Shimoda,JP,77,34.6667,49.35,54.0,9.8,100
54,Mareeba,AU,83,-17.0,72.75,75.2,4.61,90
55,Khatanga,RU,99,71.9667,-5.84,-5.84,6.42,88
56,Cabinda,AO,76,-5.55,81.03,81.03,7.31,58
57,Omsukchan,RU,97,62.5333,1.29,1.29,2.44,100
58,Ol'ga,RU,79,43.7444,40.84,40.84,5.57,64
59,Cape Town,ZA,56,-33.9258,69.96,71.6,11.5,0
60,Steamboat Springs,US,74,40.485,29.03,32.0,12.66,90
61,Arraial do Cabo,BR,65,-22.9661,79.83,80.6,11.5,40
62,Albany,US,23,42.6001,57.63,59.0,7.0,1
63,Llata,PE,82,-9.4167,55.4,55.4,4.16,100
64,Ushuaia,AR,58,-54.8,51.8,51.8,6.91,75
65,Klaksvík,FO,64,62.2266,28.4,28.4,21.85,75
66,George Town,MY,89,5.4112,78.85,80.01,7.16,20
67,Sibolga,ID,88,1.7427,76.41,76.41,2.17,93
68,Chapais,CA,53,49.7834,44.6,44.6,5.75,1
69,Fairbanks,US,76,64.8378,-4.2,0.0,1.1,40
70,Bull Savanna,JM,63,17.8868,80.1,80.1,6.46,97
71,Afuá,BR,76,-0.1567,82.85,82.85,5.32,100
72,Vaini,TO,94,-21.2,71.6,71.6,5.75,40
73,Samarai,PG,80,-10.6167,81.5,81.5,10.16,97
74,Wewak,PG,85,-3.5534,77.52,77.52,5.12,98
75,Jamestown,US,47,42.097,63.63,66.99,5.75,75
76,Souillac,MU,89,-20.5167,78.8,78.8,8.05,75
77,Isangel,VU,83,-19.55,74.73,74.73,10.76,59
78,Pangnirtung,CA,78,66.1451,6.8,6.8,2.3,20
79,Naliya,IN,76,23.2667,80.08,80.08,11.41,0
80,Castro,BR,59,-24.7911,72.19,72.19,2.66,98
81,Toyooka,JP,87,35.5333,42.42,42.42,2.84,20
82,Kieta,PG,86,-6.2167,79.54,79.54,5.84,100
83,Kyren,RU,58,51.6828,38.71,38.71,2.04,92
84,Dandong,CN,33,40.1292,51.03,51.03,3.53,0
85,Butaritari,KI,74,3.0707,80.37,80.37,9.42,100
86,Thompson,CA,80,55.7435,30.2,30.2,11.5,90
87,Juneau,US,86,58.3019,29.68,33.8,12.66,90
88,Port Hardy,CA,81,50.6996,42.8,42.8,2.3,75
89,Mar del Plata,AR,83,-38.0023,71.28,71.6,12.66,40
90,Aasiaat,GL,80,68.7098,18.0,18.0,16.55,100
91,Lompoc,US,82,34.6391,51.22,53.6,14.97,90
92,Bambous Virieux,MU,89,-20.3428,78.42,78.8,8.05,75
93,Rocha,UY,60,-34.4833,78.33,78.33,9.53,26
94,Saint Paul Harbor,US,64,57.79,30.2,30.2,6.91,1
95,Birjand,IR,11,32.8663,60.8,60.8,3.44,0
96,Vila Velha,BR,65,-20.3297,81.21,82.0,16.11,20
97,Hualmay,PE,72,-11.0964,75.18,75.18,9.78,82
98,Camaná,PE,73,-16.6228,74.43,74.43,11.14,50
99,Dresden,DE,69,51.0509,34.14,35.6,9.22,20
100,Galway,IE,43,53.2719,47.7,48.2,18.41,40
101,Chapleau,CA,100,47.8405,41.0,41.0,6.91,90
102,Kano,NG,7,12.0001,102.2,102.2,5.75,0
103,Taquari,BR,53,-29.7997,85.01,87.01,1.99,50
104,Talnakh,RU,97,69.4865,28.76,28.76,2.73,100
105,Saldanha,ZA,40,-33.0117,73.4,73.4,12.66,72
106,Lavrentiya,RU,94,65.5833,-10.26,-10.26,7.78,11
107,Provideniya,RU,90,64.3833,-2.18,-2.18,8.5,32
108,Montrose,US,16,38.4166,45.66,48.0,7.0,19
109,Olinda,BR,61,-8.0089,84.2,84.2,13.8,40
110,Lata,PT,63,40.1629,66.78,72.0,9.22,20
111,Arlit,NE,3,18.7369,97.16,97.16,4.38,1
112,Sisimiut,GL,72,66.9395,25.05,25.05,12.24,98
113,Ribeira Grande,PT,72,38.5167,64.4,64.4,18.41,40
114,Ndago,TZ,76,-4.6,67.91,67.91,5.19,93
115,Geilo,NO,80,60.5333,24.01,24.01,8.21,97
116,Berlevåg,NO,69,70.8578,32.47,33.8,19.57,20
117,Upernavik,GL,91,72.7868,10.58,10.58,15.28,100
118,Palpa,PE,42,-14.5336,86.34,86.34,7.61,75
119,Mahébourg,MU,89,-20.4081,78.8,78.8,8.05,75
120,Enrile,PH,84,17.5596,69.66,69.66,5.75,2
121,Wajima,JP,69,37.4,48.36,48.36,5.64,100
122,Rehoboth,NA,31,-23.3167,77.52,77.52,11.34,85
123,Dum Dum,IN,74,22.6222,80.6,80.6,8.05,0
124,Falmouth,GB,57,50.1544,44.8,46.0,23.02,75
125,Milas,TR,37,37.3164,68.0,68.0,14.97,75
126,Barrow,US,77,71.2906,-9.4,-9.4,9.22,1
127,Tasiilaq,GL,79,65.6145,21.2,21.2,10.36,75
128,Yerbogachën,RU,93,61.2767,33.28,33.28,7.18,100
129,Vardø,NO,69,70.3705,35.6,35.6,18.41,40
130,Airai,TL,87,-8.9266,59.9,59.9,1.61,78
131,Sambava,MG,78,-14.2667,80.2,80.2,1.39,98
132,Azare,NG,8,11.6765,97.61,97.61,6.93,42
133,Antofagasta,CL,77,-23.65,70.34,73.0,18.41,20
134,Northam,GB,62,51.0333,42.67,43.0,8.99,99
135,Norman Wells,CA,77,65.282,-7.6,-7.6,2.3,40
136,Guarumal,PA,46,8.35,91.4,91.4,5.75,20
137,Cherskiy,RU,100,68.75,-28.93,-28.93,1.74,47
138,Severomuysk,RU,97,56.1481,6.42,6.42,4.79,83
139,Gijang,KR,41,35.2442,55.4,55.4,8.05,0
140,Rockport,US,73,28.0206,77.09,78.8,14.97,75
141,Puerto Ayora,EC,83,-0.7393,79.59,80.6,10.36,40
142,Kinablangan,PH,82,7.6947,78.03,78.03,4.74,100
143,El Tigre,VE,38,8.8875,91.02,91.02,9.28,99
144,Province of Mantua,IT,53,45.1667,43.03,44.6,13.8,75
145,Verkhnyaya Toyma,RU,85,62.2349,38.08,38.08,12.03,63
146,Chokurdakh,RU,95,70.6333,-28.12,-28.12,2.82,75
147,Tiarei,PF,78,-17.5333,73.4,73.4,5.75,75
148,Livramento,BR,74,-3.0254,84.2,84.2,3.44,40
149,Raymondville,US,61,26.4815,80.96,82.4,17.27,90
150,Hong Kong,HK,82,22.2855,70.79,73.99,3.0,67
151,Korla,CN,25,41.7597,56.97,56.97,10.22,87
152,Lorengau,PG,81,-2.0226,80.37,80.37,9.71,75
153,Beringovskiy,RU,93,63.05,-13.65,-13.65,6.91,20
154,Faya,SA,43,18.3851,70.7,71.6,11.5,20
155,Yining,CN,97,29.0361,58.62,58.62,2.73,100
156,Port Macquarie,AU,99,-31.4333,65.48,66.0,2.68,100
157,Vila Franca do Campo,PT,72,37.7167,64.4,64.4,6.91,40
158,Tongchuanshi,CN,65,35.0806,54.03,54.03,4.74,100
159,Waitati,NZ,75,-45.75,53.53,54.0,8.99,76
160,Forsytheganj,BY,91,52.6333,35.73,35.73,3.36,100
161,Port Elizabeth,ZA,82,-33.918,64.4,64.4,17.27,0
162,Mount Gambier,AU,100,-37.8333,48.2,48.2,5.75,40
163,Sørland,NO,75,67.667,37.4,37.4,40.29,75
164,Kruisfontein,ZA,83,-34.0033,64.0,64.0,4.0,100
165,Mayor Pablo Lagerenza,PY,65,-19.9309,82.17,82.17,3.53,98
166,Zhezkazgan,KZ,72,47.8043,46.6,46.6,6.62,15
167,San Cristobal,VE,58,7.7669,84.2,84.2,5.75,75
168,Sakakah,SA,8,29.9697,82.4,82.4,11.5,0
169,Dolores,AR,58,-36.3132,78.73,78.73,10.25,8
170,Clyde River,CA,67,70.4692,12.2,12.2,2.3,75
171,Talara,PE,58,-4.5772,84.2,84.2,10.36,40
172,Kagal'nik,RU,61,47.0769,48.0,48.0,5.01,8
173,Kiryat Gat,IL,45,31.61,73.0,73.0,4.52,19
174,Vostok,RU,97,46.4856,28.81,28.81,3.83,80
175,Bowen,AU,94,-20.0167,73.4,73.4,2.3,40
176,Nelson Bay,AU,100,-32.7167,66.09,66.2,5.55,90
177,Rio Grande,BR,69,-32.035,80.29,80.6,12.66,75
178,Teknāf,BD,83,20.8624,76.17,76.17,2.24,0
179,Saint George,US,14,37.1041,61.45,62.01,5.84,6
180,Nuuk,GL,100,64.1835,26.29,26.6,13.8,75
181,‘Āhuimanu,US,68,21.4447,68.45,71.6,16.11,20
182,Hofn,IS,42,64.2539,24.73,24.73,1.9,31
183,Bacolod City,PH,79,10.6667,78.01,78.01,9.33,99
184,Togur,RU,91,58.3631,33.19,33.19,14.23,100
185,Moindou,NC,88,-21.6924,68.0,68.0,2.3,90
186,Raja,SS,12,8.4596,89.38,89.38,4.23,44
187,Söderhamn,SE,73,61.3037,37.04,37.99,4.0,100
188,Ubinskoye,RU,86,55.3068,31.73,31.73,12.93,96
189,Garoowe,SO,37,8.4054,80.2,80.2,18.48,81
190,Lüderitz,NA,80,-26.6481,64.22,64.22,15.66,0
191,Christchurch,NZ,87,-43.5333,51.75,53.01,11.5,20
192,Vestmanna,FO,74,62.1564,28.4,28.4,21.85,40
193,Dublin,US,81,37.7021,51.42,53.01,6.91,90
194,Tabou,CI,76,4.423,83.05,83.05,7.09,90
195,Plettenberg Bay,ZA,83,-34.0527,64.0,64.0,11.36,88
196,Walvis Bay,NA,53,-22.9575,73.4,73.4,16.11,7
197,Shuyskoye,RU,94,59.3736,37.78,37.78,12.37,93
198,Alihe,CN,41,50.5667,21.6,21.6,9.13,0
199,Tiksi,RU,98,71.6872,-14.82,-14.82,6.53,49
200,Bulqizë,AL,41,41.4917,59.0,59.0,8.05,90
201,Nantucket,US,71,41.2835,48.6,50.0,14.97,75
202,Micheweni,TZ,77,-4.9667,81.68,81.68,10.13,61
203,Coquimbo,CL,59,-29.9533,66.2,66.2,13.8,0
204,Thinadhoo,MV,69,0.5333,82.76,82.76,6.82,98
205,Mporokoso,ZM,93,-9.3727,63.36,63.36,4.97,50
206,Sechura,PE,61,-5.5569,79.92,79.92,8.05,98
207,Lipin Bor,RU,96,60.2622,33.12,33.12,7.25,100
208,Chitipa,MW,97,-9.7024,63.28,63.28,4.38,50
209,Ponta do Sol,PT,64,32.6667,61.5,64.0,5.01,84
210,Sitka,US,86,57.0531,33.8,33.8,6.91,75
211,Lampang,TH,97,18.3333,74.03,75.0,3.18,18
212,Tabuk,PH,85,17.4189,68.99,68.99,5.19,14
213,Yar-Sale,RU,94,66.8333,29.66,29.66,14.03,100
214,Akdepe,TM,44,42.0551,59.88,60.8,11.5,0
215,Sistranda,NO,70,63.7256,41.0,41.0,28.77,40
216,Jiuquan,CN,44,39.7432,47.89,47.89,6.91,65
217,Goderich,CA,48,43.7501,60.8,60.8,14.97,85
218,Atar,MR,9,20.5169,98.85,98.85,11.41,4
219,Pouembout,NC,83,-21.1333,70.75,70.75,5.48,92
220,Tura,IN,17,25.5198,78.26,78.26,3.85,27
221,La Providencia,MX,37,28.7167,82.6,84.0,8.99,23
222,Biskamzha,RU,99,53.4497,37.09,37.09,3.8,99
223,Jardim,BR,27,-21.4803,96.04,96.04,5.26,98
224,Panzhihua,CN,87,26.5851,54.0,54.0,2.06,79
225,Taltal,CL,69,-25.4,72.18,72.18,10.51,8
226,Grand-Santi,GF,90,4.25,80.98,80.98,4.18,81
227,Govindgarh,IN,9,27.5,88.18,88.18,8.88,6
228,Moyo,UG,79,3.6609,71.8,71.8,7.52,97
229,Kaupanger,NO,74,61.1845,34.12,37.0,13.8,40
230,Laas,IT,46,46.6166,38.03,48.2,6.91,0
231,Ponta Delgada,PT,72,37.7333,64.4,64.4,6.91,40
232,Asău,RO,44,46.4333,53.24,57.2,10.36,0
233,Saint-Augustin,CA,99,51.226,41.07,41.07,14.2,100
234,Puerto Madryn,AR,100,-42.7692,62.6,62.6,9.22,90
235,Kyaukse,MM,45,21.6,81.18,81.18,5.17,0
236,Grand Forks,US,53,47.9417,47.46,50.0,8.05,40
237,Iqaluit,CA,85,63.7506,14.0,14.0,3.44,90
238,Laguna,US,76,38.421,55.83,57.99,3.44,1
239,Kalabo,ZM,44,-14.97,73.09,73.09,4.94,8
240,Tuktoyaktuk,CA,76,69.4541,-16.6,-16.6,8.05,40
241,Soligalich,RU,90,59.0778,37.36,37.36,11.01,47
242,East London,ZA,82,-33.0153,66.2,66.2,5.75,20
243,Borovskoy,KZ,98,53.8,30.87,30.87,6.26,52
244,Bonavista,CA,100,48.6499,39.0,41.0,3.44,100
245,Teya,RU,97,60.3778,36.34,36.34,8.63,100
246,Grindavik,IS,63,63.8424,26.6,26.6,11.5,0
247,Béboto,TD,11,8.2668,94.8,94.8,4.21,60
248,Carahue,CL,100,-38.7,59.0,59.0,5.75,90
249,Lipari,IT,73,38.4674,62.49,63.0,8.99,0
250,Tessalit,ML,4,20.1986,95.97,95.97,11.79,0
251,Kaitangata,NZ,72,-46.2817,54.0,54.0,11.99,67
252,Craigieburn,AU,88,-37.6,58.66,60.8,5.75,75
253,Lamu,KE,84,-2.2717,84.2,84.2,9.22,40
254,Bethel,US,23,41.3712,58.08,59.0,10.36,1
255,Saint Anthony,US,48,45.0205,60.87,62.6,5.75,75
256,Nara,JP,90,34.6851,48.9,53.01,2.44,97
257,Culiacán,MX,69,24.7994,79.18,82.99,5.75,40
258,Bandar,ID,96,2.05,73.15,73.15,2.53,81
259,Jackson,US,65,42.4165,41.0,41.0,3.44,1
260,San Quintín,MX,67,30.4833,63.81,63.81,14.41,34
261,Batagay-Alyta,RU,98,67.8006,-26.28,-26.28,6.08,18
262,Torres,BR,68,-29.3353,76.62,76.62,9.15,16
263,Bariloche,AR,54,-41.1456,57.2,57.2,12.66,75
264,Port-Gentil,GA,66,-0.7193,89.6,89.6,2.3,20
265,Vao,NC,68,-22.6667,75.09,75.09,18.7,78
266,Santarém,BR,79,-2.4431,86.0,86.0,5.75,75
267,Cabo San Lucas,MX,44,22.8909,76.6,78.8,3.87,1
268,Rawson,AR,100,-43.3002,62.6,62.6,9.22,90
269,Khandyga,RU,100,62.6667,-25.71,-25.71,1.88,28
270,Biak,ID,79,-0.9131,77.32,77.32,1.86,44
271,Carnarvon,AU,78,-24.8667,77.0,77.0,13.8,21
272,Ugoofaaru,MV,65,5.6667,83.39,83.39,3.29,7
273,Kudahuvadhoo,MV,64,2.6708,84.88,84.88,5.06,100
274,Ayr,GB,45,55.4627,41.63,42.8,20.71,20
275,Esperance,AU,94,-33.8667,66.2,66.2,9.22,90
276,Arco,IT,39,45.9177,25.38,36.0,4.0,88
277,Boueni,YT,69,-12.9025,82.4,82.4,12.66,0
278,Ilulissat,GL,79,69.2167,21.2,21.2,10.36,75
279,Buala,SB,84,-8.145,79.03,79.03,9.33,100
280,Bontang,ID,87,0.1333,78.49,78.49,6.73,80
281,La Ronge,CA,56,55.1001,39.2,39.2,2.3,78
282,Babstovo,RU,40,48.1167,26.31,26.31,14.2,3
283,São José da Coroa Grande,BR,63,-8.8978,83.39,83.39,10.02,100
284,Gunjur,GM,40,13.2019,87.8,87.8,10.36,0
285,College,US,76,64.8569,-4.4,0.0,1.21,40
286,Dymer,UA,65,50.7865,44.89,46.0,6.71,100
287,Mabaruma,GY,85,8.2,80.78,80.78,5.35,99
288,Humberto de Campos,BR,50,-2.5983,89.98,89.98,6.06,51
289,Barra da Estiva,BR,37,-13.6261,83.52,83.52,8.7,55
290,Gornyy,RU,86,55.1153,31.57,31.57,13.47,66
291,North Bend,US,87,43.4065,45.41,50.0,3.44,1
292,Pundaguitan,PH,75,6.3711,81.79,81.79,10.09,93
293,Kumul,CN,23,42.8,59.83,59.83,10.49,72
294,Shikhazany,RU,70,55.5605,37.4,37.4,2.24,0
295,Haripur,PK,74,34.0,62.96,62.96,7.96,100
296,Cidreira,BR,68,-30.1811,76.48,76.48,9.95,63
297,Portland,US,70,45.5234,45.25,48.0,5.75,20
298,Opochka,RU,67,56.7105,36.57,36.57,8.05,74
299,Ambon City,ID,82,-3.6954,80.69,80.69,4.14,76
300,Faanui,PF,66,-16.4833,80.73,80.73,10.98,100
301,Sioux Lookout,CA,56,50.1001,42.8,42.8,6.91,20
302,Chornobay,UA,59,49.6708,48.11,48.11,15.57,93
303,Springbok,ZA,39,-29.6643,70.57,70.57,6.53,0
304,Ust-Nera,RU,99,64.5667,2.93,2.93,2.77,100
305,Bac Lieu,VN,73,9.285,81.39,81.39,14.52,61
306,Rūdsar,IR,82,37.1376,55.4,55.4,4.61,90
307,Dubbo,AU,88,-32.25,60.8,60.8,10.36,13
308,Camacha,PT,68,33.0833,66.2,66.2,10.36,20
309,Forestville,US,27,38.8451,68.74,71.01,5.1,1
310,Grimstad,NO,39,58.3405,41.59,43.0,17.27,0
311,Hithadhoo,MV,64,-0.6,83.55,83.55,9.15,49
312,Yulara,AU,40,-25.2406,68.0,68.0,8.05,1
313,Bucarasica,CO,58,8.041,84.2,84.2,5.75,75
314,Poum,NC,71,-20.2333,77.79,77.79,19.69,83
315,Kapoeta,SS,55,4.7717,82.54,82.54,4.36,83
316,Hatillo,PR,74,18.4863,81.86,82.99,13.8,40
317,Dingle,PH,87,10.9995,75.24,75.24,6.64,91
318,Mehamn,NO,75,71.0357,33.8,33.8,21.85,75
319,Wagar,SD,12,16.1525,97.39,97.39,9.28,35
320,Hay River,CA,86,60.8156,19.4,19.4,10.36,100
321,Labuhan,ID,86,-6.8844,78.96,78.96,5.86,100
322,Burē,ET,49,10.7,66.22,66.22,4.7,86
323,Hasaki,JP,87,35.7333,44.83,46.4,12.66,75
324,Nome,US,72,64.5011,8.62,10.4,9.22,90
325,Kahului,US,94,20.8947,64.65,68.0,11.5,40
326,Krasnovka,RU,67,48.8177,44.49,44.49,8.61,57
327,Bulgan,MN,38,48.8125,39.04,39.04,2.21,71
328,Sungai Penuh,ID,95,-2.0833,63.68,63.68,1.23,94
329,Guerrero Negro,MX,57,27.9769,68.86,68.86,16.28,95
330,Torbay,CA,100,47.6666,38.32,41.0,11.5,90
331,Amapá,BR,74,1.0,82.0,82.0,4.47,91
332,Gympie,AU,99,-26.1898,65.98,66.99,5.01,98
333,Dhidhdhoo,MV,73,6.8833,83.21,83.21,3.89,2
334,Porbandar,IN,72,21.6422,81.23,81.23,10.74,0
335,São Filipe,CV,60,14.8961,77.72,77.72,6.64,0
336,Severo-Kuril'sk,RU,76,50.6789,25.99,25.99,16.64,40
337,Shingū,JP,92,33.7333,51.94,51.94,3.27,100
338,Henties Bay,NA,73,-22.116,66.4,66.4,12.48,0
339,San Ramon,US,71,37.7799,52.56,55.99,5.75,75
340,Pacifica,US,71,37.6138,50.79,53.01,5.75,75
341,Ballina,AU,94,-28.8667,68.43,69.8,11.5,75
342,Pemangkat,ID,85,1.1667,78.78,78.78,6.06,74
343,Salalah,OM,65,17.0151,84.2,84.2,3.44,0
344,Tarragona,ES,63,41.129,60.64,62.01,10.36,0
345,Slave Lake,CA,70,55.2834,37.4,37.4,5.75,1
346,Burnie,AU,98,-41.0667,52.92,54.0,1.99,71
347,Kavieng,PG,74,-2.5744,81.75,81.75,6.22,99
348,Gao,ML,4,16.6362,101.79,101.79,6.8,33
349,Khovd,MN,24,48.0056,41.59,41.59,2.66,91
350,Bereket,TM,37,39.2446,69.04,69.04,12.86,62
351,Port Lincoln,AU,79,-34.7333,62.76,62.76,8.81,0
352,Aljezur,PT,57,37.3191,65.16,65.16,11.21,89
353,Marrakesh,MA,41,31.6315,78.8,78.8,6.91,75
354,Caravelas,BR,56,-17.7125,82.6,82.6,9.78,22
355,Nizhniy Tsasuchey,RU,58,50.5167,32.65,32.65,6.55,47
356,Deputatsky,RU,99,69.3,-19.14,-19.14,3.89,88
357,Dwārka,IN,79,22.2394,80.87,80.87,12.15,0
358,Kulhudhuffushi,MV,72,6.6221,83.34,83.34,3.65,2
359,Alice Springs,AU,72,-23.7,63.66,66.0,4.61,24
360,Leningradskiy,RU,97,69.3833,-19.53,-19.53,5.57,89
361,Rio Branco,BR,70,-9.9747,86.0,86.0,2.3,75
362,Moose Factory,CA,45,51.2585,41.0,41.0,6.91,90
363,Aklavik,CA,77,68.2191,-9.4,-9.4,2.3,75
364,Sept-Îles,CA,87,50.2001,50.0,50.0,6.91,75
365,Hashtrūd,IR,31,37.4779,56.28,56.28,7.36,7
366,Namtsy,RU,70,62.7161,-13.0,-13.0,6.71,0
367,Bilma,NE,4,18.6853,91.56,91.56,5.93,5
368,Ostrovnoy,RU,96,68.0531,34.54,34.54,21.16,100
369,Aden,YE,65,12.7794,82.22,82.22,14.47,5
370,Aykhal,RU,95,66.0,18.32,18.32,7.92,100
371,Los Llanos de Aridane,ES,73,28.6585,64.44,69.8,8.05,75
372,Hobyo,SO,56,5.3505,82.65,82.65,15.73,21
373,Fallon,US,24,39.4735,47.62,51.01,4.61,20
374,Pemberton,CA,86,50.3164,33.8,33.8,2.3,20
375,Constitución,CL,63,-35.3333,65.37,65.37,6.4,100
376,Río Gallegos,AR,76,-51.6226,51.8,51.8,23.02,90
377,Neuquén,AR,47,-38.9516,78.8,78.8,6.91,0
378,Anūpgarh,IN,52,29.1911,72.59,72.59,23.71,38
379,Kaka,TM,30,37.3482,65.21,65.21,6.13,0
380,Vestmannaeyjar,IS,43,63.4427,30.2,30.2,11.5,0
381,Karratha,AU,64,-20.7377,81.64,81.64,1.39,14
382,Tshikapa,CD,91,-6.4167,73.56,73.56,4.54,35
383,George Town,MY,89,5.4112,78.85,80.01,7.16,20
384,Itarema,BR,59,-2.9248,86.29,86.29,14.25,99
385,Naze,JP,58,28.3667,61.43,61.43,20.18,3
386,Bartlesville,US,64,36.7473,68.97,69.8,16.11,90
387,Zhigansk,RU,99,66.7697,-12.77,-12.77,9.95,63
388,Lucea,JM,69,18.451,83.25,84.0,18.41,40
389,Ormara,PK,73,25.2088,80.74,80.74,8.61,0
390,Bonthe,SL,70,7.5264,84.16,84.16,12.91,91
391,Jussara,BR,51,-23.6214,84.2,84.2,4.61,40
392,Quatre Cocos,MU,89,-20.2078,78.39,78.8,8.05,75
393,Camacupa,AO,67,-12.0167,69.37,69.37,2.28,79
394,Ancud,CL,100,-41.8697,55.33,62.01,16.11,90
395,Nicoya,CR,31,10.1483,89.6,89.6,17.27,0
396,Palmer,US,31,42.1584,58.95,61.0,9.22,20
397,Zaraysk,RU,68,54.7653,37.99,37.99,10.25,100
398,Whitehorse,CA,67,60.7161,13.77,14.0,13.8,90
399,Catherinas Lust,GY,81,6.4,81.54,81.54,10.16,88
400,Behshahr,IR,84,36.6923,55.78,55.78,7.09,19
401,Dalvik,IS,58,65.9702,19.4,19.4,10.36,20
402,Bambanglipuro,ID,87,-7.95,77.59,77.59,3.11,100
403,Kutum,SD,10,14.2,83.73,83.73,11.81,0
404,Buchanan,LR,66,5.8808,89.6,89.6,9.22,75
405,Fortuna,US,87,40.5982,47.97,50.0,3.0,1
406,Florø,NO,81,61.5996,41.0,41.0,14.97,75
407,Olavarría,AR,79,-36.8927,77.0,77.0,8.99,8
408,Ibrā’,OM,35,22.6906,78.55,78.55,7.27,0
409,Ritchie,ZA,32,-29.038,80.6,80.6,2.3,0
410,San Patricio,US,78,28.017,78.4,80.01,24.16,75
411,Trairi,BR,60,-3.2778,86.41,86.41,12.8,77
412,Liverpool,GB,46,53.4106,42.51,46.4,21.85,75
413,Rzhaksa,RU,77,52.1338,39.13,39.13,4.27,48
414,Pueblo Nuevo,MX,22,23.3833,70.48,70.48,6.67,0
415,Phan Thiet,VN,83,10.9333,76.19,76.19,8.81,96
416,Auki,SB,90,-8.7676,76.21,76.21,7.43,100
417,Dillon,US,31,34.4166,79.7,82.0,7.36,1
418,Vila do Maio,CV,37,15.1333,84.2,84.2,20.71,0
419,Tsimmerbude,RU,75,54.675,38.73,39.99,11.18,40
420,Fort Nelson,CA,74,58.8053,26.6,26.6,4.61,90
421,Upata,VE,70,8.0086,87.01,87.01,3.0,87
422,Maniitsoq,GL,79,65.4167,26.82,26.82,5.59,73
423,Koungou,YT,69,-12.7336,82.4,82.4,12.66,0
424,Winnemucca,US,35,40.973,39.2,39.2,3.44,1
425,Coahuayana Viejo,MX,73,18.7333,75.2,75.2,5.86,1
426,Aktobe,KZ,70,50.2797,44.6,44.6,17.9,0
427,Anju,KP,50,39.6178,48.47,48.47,1.66,0
428,Brønnøysund,NO,65,65.4625,41.0,41.0,29.93,75
429,La Reforma,MX,69,25.0833,80.71,82.99,5.75,40
430,Nogliki,RU,96,51.8333,26.29,26.29,7.43,100
431,Erdenet,MN,51,49.0333,37.45,37.45,2.71,90
432,Tūkrah,LY,78,32.5341,60.33,60.33,9.98,34
433,Beloha,MG,75,-25.1667,71.42,71.42,9.28,81
434,Boké,GN,39,10.9409,93.4,93.4,15.35,9
435,Samaná,DO,94,19.2056,75.2,75.2,11.59,75
436,La Asuncion,VE,100,11.0333,73.4,73.4,16.11,81
437,Dukat,RU,98,62.55,-0.02,-0.02,2.73,100
438,Nagato,JP,66,34.3833,47.5,53.6,5.75,20
439,Bathsheba,BB,54,13.2167,86.0,86.0,17.27,40
440,Miraflores,MX,26,19.2167,69.71,71.6,3.31,20
441,Elko,US,39,41.0002,42.28,46.99,8.99,0
442,Lagoa,PT,87,39.05,59.47,59.47,19.57,99
443,Vidim,RU,98,56.4088,28.02,28.02,3.87,66
444,Pacific Grove,US,76,36.6177,52.16,54.0,4.61,90
445,Comodoro Rivadavia,AR,88,-45.8667,59.0,59.0,3.44,75
446,Boundiali,CI,26,9.5217,95.99,95.99,5.79,94
447,Katsuura,JP,71,35.1333,48.72,51.01,13.44,100
448,Havøysund,NO,86,70.9963,33.8,33.8,17.27,75
449,Stornoway,GB,65,58.2093,37.65,37.99,20.71,40
450,Östersund,SE,87,63.1792,36.82,37.99,14.97,40
451,Buritizeiro,BR,42,-17.3511,86.52,86.52,5.57,100
452,Buraidah,SA,16,26.326,82.4,82.4,5.75,0
453,Syracuse,IT,55,37.0881,64.18,68.0,12.66,20
454,Salto,UY,58,-31.3833,84.09,84.2,8.32,40
455,Whyalla,AU,82,-33.0333,60.8,60.8,9.22,0
456,Vangaindrano,MG,85,-23.35,73.08,73.08,5.84,29
457,Darnah,LY,83,32.767,60.3,60.3,17.47,2
458,Kidal,ML,4,18.4411,98.58,98.58,14.25,0
459,Katherine,AU,83,-14.4667,71.6,71.6,0.76,7
460,Orlik,RU,87,52.5178,18.41,18.41,1.88,35
461,Sidi Ali,DZ,39,36.0998,67.01,67.01,4.7,7
462,Chui,UY,61,-33.6971,77.27,77.27,9.95,17
463,Morondava,MG,66,-20.2833,78.67,78.67,13.67,1
464,Egvekinot,RU,79,66.3167,-11.85,-11.85,7.63,1
465,Irtyshskiy,RU,89,58.3333,33.66,33.66,10.22,55
466,Hastings,GB,47,50.8552,41.09,42.01,4.0,100
467,Russell,US,49,32.3502,73.29,75.99,3.44,1
468,Maceió,BR,48,-9.6658,86.0,86.0,11.5,40
469,Myitkyina,MM,73,25.3833,68.14,68.14,3.29,39
470,Pisco,PE,68,-13.7,74.1,75.0,8.05,0
471,Tautira,PF,78,-17.7333,73.4,73.4,5.75,75
472,Wschowa,PL,67,51.807,39.31,41.0,8.01,73
473,Thunder Bay,CA,62,48.4001,53.74,55.4,6.91,40
474,Beberibe,BR,62,-4.1797,87.8,87.8,17.27,40
475,Port Moresby,PG,89,-9.4431,75.96,75.96,4.94,91
476,Leshukonskoye,RU,79,64.8989,39.15,39.15,14.27,100
477,Logatec,SI,78,45.9144,30.04,39.0,1.01,100
478,Scarborough,GB,54,54.2797,37.71,37.99,11.01,77
479,Port Blair,IN,75,11.6667,80.69,80.69,3.42,20
480,Mandurah,AU,78,-32.55,71.01,71.01,2.89,98
481,Saint-Pierre,RE,69,-21.3393,79.32,80.6,4.61,75
482,Grand Junction,US,14,39.0639,48.9,50.0,17.27,1
483,Margate,GB,41,51.3813,41.72,42.01,8.01,91
484,Strelka,RU,91,58.0728,38.37,38.37,8.1,63
485,Shetpe,KZ,48,44.1667,47.5,47.5,12.08,2
486,Beyneu,KZ,51,45.3167,52.95,52.95,15.95,66
487,Vung Tau,VN,78,10.346,81.18,81.18,21.74,64
488,Nālūt,LY,20,30.3333,72.18,72.18,8.77,0
489,Ulladulla,AU,100,-35.35,61.43,64.4,1.14,75
490,Royal Tunbridge Wells,GB,72,51.1325,39.36,41.0,5.99,100
491,Erzin,TR,52,36.9559,72.0,72.0,6.91,25
492,Sosnovo-Ozerskoye,RU,73,52.5249,28.2,28.2,3.85,68
493,Hamilton,US,43,39.1834,74.01,75.99,3.44,20
494,Chelbasskaya,RU,84,45.9792,47.62,47.62,4.92,12
495,Ahipara,NZ,88,-35.1667,61.81,61.81,8.81,99
496,Elverum,NO,57,60.8819,39.99,39.99,4.0,100
497,Balkhash,KZ,64,46.844,45.88,45.88,7.85,12
498,Kuusamo,FI,69,65.9667,32.0,32.0,16.11,75
499,Melton,AU,85,-37.6833,59.23,61.0,3.49,41
500,Anloga,GH,70,5.7947,89.6,89.6,13.8,20
501,Touros,BR,58,-5.1989,87.8,87.8,10.36,40
502,Selikhino,RU,95,50.3672,27.97,27.97,3.33,81
503,Mayo,US,51,38.8876,63.46,66.99,9.22,40
504,De Aar,ZA,23,-30.6497,74.86,74.86,8.57,0
505,Illela,NG,7,13.7292,102.11,102.11,5.79,98
506,Mersing,MY,89,2.4312,82.4,82.4,5.75,9
507,Tuensang,IN,49,26.2833,64.42,64.42,3.51,72
508,Umluj,SA,56,25.0213,78.51,78.51,2.15,0
509,Bantou,CN,84,26.2151,67.57,67.57,2.66,98
510,Kostomuksha,RU,82,64.571,30.49,30.49,12.8,49
511,Banda Aceh,ID,83,5.5577,79.21,79.21,7.65,93
512,Rolla,US,56,37.9514,73.78,75.0,16.11,20
513,Soyo,AO,75,-6.1349,81.55,81.55,7.31,44
514,Yumen,CN,42,40.2833,47.89,47.89,13.67,2
515,Copiapó,CL,56,-27.3667,69.8,69.8,8.05,0
516,Hutchinson,US,72,38.0608,64.65,66.0,29.93,90
517,Udachny,RU,95,66.4167,17.26,17.26,6.98,100
518,Baculin,PH,81,7.4525,76.21,76.21,7.0,99
519,Kargasok,RU,93,59.0556,33.91,33.91,15.68,98
520,Imbituba,BR,78,-28.24,75.2,75.2,10.36,75
521,Dinguiraye,GN,15,11.3,101.48,101.48,4.56,11
522,Marabu,MY,94,4.4148,78.4,78.8,5.75,40
523,Inírida,CO,78,3.8653,82.17,82.17,2.33,89
524,Helong,CN,46,42.5397,34.99,34.99,4.94,0
525,Beïnamar,TD,10,8.6698,97.54,97.54,4.5,51
526,Ventspils,LV,81,57.3894,39.2,39.2,20.71,0
527,Geraldton,AU,83,-28.7667,69.8,69.8,8.05,100
528,Namalenga,TZ,94,-10.95,71.65,71.65,3.38,59
529,Xinzhi,CN,51,36.4989,60.91,60.91,0.92,100
530,Amga,RU,100,60.8953,-18.18,-18.18,0.85,52
531,Roald,NO,81,62.5833,36.37,39.2,19.57,75
532,Grafenau,DE,87,48.8577,30.69,34.0,7.94,97
533,Tambacounda,SN,22,13.7539,104.0,104.0,4.61,0
534,Ust'-Ilimsk,RU,96,58.0006,30.47,30.47,5.14,78
535,Lucélia,BR,40,-21.7203,87.8,87.8,3.44,20
536,Nanortalik,GL,97,60.1432,35.6,35.6,3.13,100
537,Verkhnevilyuysk,RU,92,63.4453,-0.63,-0.63,4.99,100
538,La Grande,US,60,45.3246,37.35,43.0,1.28,1
539,Larsnes,NO,93,62.2028,37.65,39.0,8.05,75
540,Awjilah,LY,35,29.1081,74.98,74.98,16.91,94
541,Dawlatabad,AF,41,36.4141,59.49,59.49,5.53,0
542,Bendigo,AU,47,-36.7667,49.96,51.01,4.47,5
543,Gigmoto,PH,71,13.7796,77.59,77.59,10.13,100
544,Inverell,AU,96,-29.7833,55.74,57.0,4.12,82
545,Priargunsk,RU,32,50.3691,28.11,28.11,4.36,18
546,Bintulu,MY,89,3.1667,78.4,78.8,3.44,20
547,Simitli,BG,84,41.8833,51.51,51.51,3.87,45
548,Tabas,IR,11,33.5959,72.03,72.03,2.35,0
549,Baruun-Urt,MN,35,46.6806,33.96,33.96,5.84,17
550,San Vicente,AR,71,-26.6167,70.05,70.05,3.71,95
551,Namatanai,PG,82,-3.6667,79.38,79.38,4.45,100
552,Okhotsk,RU,87,59.3833,3.22,3.22,7.83,48
553,Jalu,LY,33,29.0331,76.35,76.35,16.15,96
554,San Juan,AR,32,-31.5375,87.6,87.6,8.61,1
